<DeviceFakeData>
<newConfig>
	<CapVersion>1,2,3,4,5,6,7,8</CapVersion>
	<MainOption>
		<ImageSize>1</ImageSize>
		<BitRateControl>2</BitRateControl>
		<ImgQlty>2</ImgQlty>
		<ImgQltyType>0</ImgQltyType>
		<Frames>32</Frames>
		<AVEnable>0</AVEnable>
		<IFrameInterval>10</IFrameInterval>
		<usBitRate>20</usBitRate>
	</MainOption>
	<AssiOption>
		<ImageSize>23</ImageSize>
		<BitRateControl>2</BitRateControl>
		<ImgQlty>2</ImgQlty>
		<ImgQltyType>3</ImgQltyType>
		<Frames>43</Frames>
		<AVEnable>1</AVEnable>
		<IFrameInterval>10</IFrameInterval>
		<usBitRate>23</usBitRate>
	</AssiOption>
	<Compression>1</Compression>
	<CoverEnable>1</CoverEnable>
	<alignres>1,2</alignres>
	<Cover>
		<left>13</left>
		<top>21</top>
		<right>34</right>
		<bottom>42</bottom>
	</Cover>
	<TimeTitle>
		<TitlefgRGBA>10</TitlefgRGBA>
		<TitlebgRGBA>20</TitlebgRGBA>
		<TitleLeft>10</TitleLeft>
		<TitleTop>10</TitleTop>
		<TitleRight>10</TitleRight>
		<TitleBottom>20</TitleBottom>
		<TitleEnable>1</TitleEnable>
		<ExtFuncMask>1</ExtFuncMask>
	</TimeTitle>
	<ChannelTitle>
		<TitlefgRGBA>10</TitlefgRGBA>
		<TitlebgRGBA>20</TitlebgRGBA>
		<TitleLeft>10</TitleLeft>
		<TitleTop>10</TitleTop>
		<TitleRight>10</TitleRight>
		<TitleBottom>20</TitleBottom>
		<TitleEnable>1</TitleEnable>
		<ExtFuncMask>2</ExtFuncMask>
	</ChannelTitle>
	<SnapOption>
		<ImageSize>1</ImageSize>
		<BitRateControl>2</BitRateControl>
		<ImgQlty>2</ImgQlty>
		<ImgQltyType>2</ImgQltyType>
		<Frames>1</Frames>
		<AVEnable>1</AVEnable>
		<IFrameInterval>10</IFrameInterval>
		<usBitRate>3</usBitRate>
	</SnapOption>
	<PicTimeInterval>20</PicTimeInterval>
	<Volume>20</Volume>
	<VolumeEnable>1</VolumeEnable>
	<Noise>12</Noise>
	<Mode>2</Mode>
	<AudioCompression>1</AudioCompression>
	<H264Profile>2</H264Profile>
	<AssiCompression>1,2,3</AssiCompression>
	<PicIntervalHour>1</PicIntervalHour>
	<TrigPicIntervalSecond>45</TrigPicIntervalSecond>
</newConfig>
<clrConfig>
	<ColorVersion>1,2,3,4,5,5,7,8</ColorVersion>
	<Color>
		<Sector>
			<StartHour>12</StartHour>
			<StartMin>20</StartMin>
			<StartSec>23</StartSec>
			<EndHour>13</EndHour>
			<EndMin>21</EndMin>
			<EndSec>52</EndSec>
			<State>1</State>
			<Reserve>0</Reserve>
		</Sector>
		<Brightness>52</Brightness>
		<Contrast>29</Contrast>
		<Saturation>38</Saturation>
		<Hue>24</Hue>
		<Gain>87</Gain>
		<Gamma>23</Gamma>
		<Reserve>1,2</Reserve>
	</Color>
</clrConfig>
</DeviceFakeData>